object,dob
lgammack0,10/26/2020
cpenrice1,12/13/2020
aflewitt2,6/17/2021
dwipfler3,3/24/2021
bmckellen4,6/14/2021
jswaffer5,3/17/2021
bmiddas6,1/2/2021
csmallpeace7,12/14/2020
mpearch8,8/20/2021
hconfait9,10/14/2020
pmendozaa,7/14/2021
jnovotnab,11/10/2020
mcawthronc,12/8/2020
pbrassingtond,7/10/2021
mdobbine,3/2/2021
dduffitf,1/7/2021
rcreamg,11/19/2020
dshuttleh,12/23/2020
ljowitti,8/16/2021
vtrengrovej,6/4/2021
ibartenk,3/17/2021
asuggeyl,10/14/2020
acrippsm,12/24/2020
kwyldboren,3/1/2021
abeeverso,4/23/2021
pkurthp,5/21/2021
jpalferyq,10/22/2020
rbrehatr,5/20/2021
jvolkess,12/4/2020
cledgewayt,3/11/2021
llawsu,4/12/2021
ctucknottv,4/23/2021
ckirkw,11/15/2020
aendonx,11/17/2020
cgrintery,1/12/2021
rbrennonz,5/1/2021
balesbrook10,9/22/2021
mtuckwood11,12/25/2020
bgehrts12,2/12/2021
opacitti13,6/10/2021
cpietron14,3/30/2021
xlefwich15,5/11/2021
bmcclounan16,11/30/2020
ehenkmann17,9/16/2021
gmcguirk18,10/23/2020
pmerit19,10/19/2020
lbould1a,10/29/2020
ajakov1b,11/20/2020
ajenyns1c,2/5/2021
bgres1d,7/4/2021
cberntsson1e,6/4/2021
tkoeppke1f,6/6/2021
elaskey1g,8/9/2021
fbillingsly1h,1/29/2021
eangeau1i,8/30/2021
dkenealy1j,5/21/2021
fhupka1k,8/3/2021
lgatling1l,8/8/2021
mpurveys1m,4/10/2021
smirrlees1n,1/15/2021
eshuxsmith1o,9/12/2021
abembrick1p,6/27/2021
wsprules1q,4/7/2021
pdalgliesh1r,6/23/2021
otorbett1s,12/22/2020
afellnee1t,4/25/2021
bsolon1u,6/8/2021
jhowick1v,1/3/2021
patlee1w,7/19/2021
mlundbech1x,1/27/2021
scorgenvin1y,3/27/2021
tbouette1z,4/15/2021
tblondell20,12/24/2020
dgoulbourn21,11/18/2020
bvandecappelle22,4/19/2021
wgambles23,3/24/2021
ereihm24,7/2/2021
atreske25,3/5/2021
cmandrey26,8/24/2021
dvasyukov27,2/8/2021
cpatterfield28,6/20/2021
afleeming29,4/29/2021
lhindenberger2a,7/19/2021
myukhnov2b,9/13/2021
dmunkton2c,8/15/2021
gfaltskog2d,12/22/2020
mrichardt2e,7/10/2021
ghause2f,12/24/2020
rcolliar2g,5/3/2021
bjoost2h,7/18/2021
mmaccague2i,3/15/2021
bjouhning2j,8/11/2021
maubery2k,10/22/2020
htansley2l,2/8/2021
ntenniswood2m,2/4/2021
cwiddowes2n,5/8/2021
pking2o,7/14/2021
glejean2p,12/20/2020
pplank2q,8/2/2021
rbeedham2r,12/28/2020
